old_url,old_path,recommended_new_url,new_path,page_type,route_name,controller_action,view_or_template,migration_decision,http_status_after_migration,redirect_type,canonical_url,robots_index_policy,sitemap_include,priority,seo_notes,implementation_notes
https://misubaguna.com/,/,https://misubaguna.com/,/,Homepage,home,HomeController@index,public.home,PRESERVE_SAME_URL,200,,https://misubaguna.com/,"index,follow",yes,critical,,"Create SSR homepage. Output rendered counter values in HTML, not JS-only fallback."
https://misubaguna.com/about-us/,/about-us/,https://misubaguna.com/about-us/,/about-us/,Page,about_us,PageController@about,public.about_us,PRESERVE_SAME_URL,200,,https://misubaguna.com/about-us/,"index,follow",yes,high,,"Create Laravel server-rendered route/page with same visible content, title/meta/H1/H2 and self canonical."
https://misubaguna.com/project-list/,/project-list/,https://misubaguna.com/project-list/,/project-list/,Page,project_list,ProjectController@index,public.project_list,PRESERVE_SAME_URL,200,,https://misubaguna.com/project-list/,"index,follow",yes,high,,"Create Laravel server-rendered route/page with same visible content, title/meta/H1/H2 and self canonical."
https://misubaguna.com/contact-us/,/contact-us/,https://misubaguna.com/contact-us/,/contact-us/,Page,contact_us,ContactController@index,public.contact_us,PRESERVE_SAME_URL,200,,https://misubaguna.com/contact-us/,"index,follow",yes,high,,"Create Laravel server-rendered route/page with same visible content, title/meta/H1/H2 and self canonical."
https://misubaguna.com/career/,/career/,https://misubaguna.com/career/,/career/,Page,career,CareerController@index,public.career,PRESERVE_SAME_URL,200,,https://misubaguna.com/career/,"index,follow",yes,medium,Remove or expire stale/dummy job posting content before launch.,"Create Laravel server-rendered route/page with same visible content, title/meta/H1/H2 and self canonical."
https://misubaguna.com/indexpage/,/indexpage/,https://misubaguna.com/,/,Legacy Page,indexpage,HomeController@index,public.home,RECOMMENDED_301_REDIRECT_AFTER_GSC_CHECK,301,permanent,https://misubaguna.com/,N/A_redirect,no,high,Legacy public page; likely duplicate/obsolete homepage content. Check Google Search Console traffic before redirecting.,Add 301 redirect from /indexpage/ to /. Do not include /indexpage/ in sitemap after redirect.
https://misubaguna.com/product/fabric-expansion-joint/,/product/fabric-expansion-joint/,https://misubaguna.com/product/fabric-expansion-joint/,/product/fabric-expansion-joint/,Product,product.fabric_expansion_joint,ProductController@show,public.products.show,PRESERVE_SAME_URL,200,,https://misubaguna.com/product/fabric-expansion-joint/,"index,follow",yes,critical,,Create Product model/CMS record with slug matching old path. Route must return SSR product page. Preserve trailing slash canonical.
https://misubaguna.com/product/metal-expansion-joint/,/product/metal-expansion-joint/,https://misubaguna.com/product/metal-expansion-joint/,/product/metal-expansion-joint/,Product,product.metal_expansion_joint,ProductController@show,public.products.show,PRESERVE_SAME_URL,200,,https://misubaguna.com/product/metal-expansion-joint/,"index,follow",yes,critical,,Create Product model/CMS record with slug matching old path. Route must return SSR product page. Preserve trailing slash canonical.
https://misubaguna.com/product/rubber-expansion-joint/,/product/rubber-expansion-joint/,https://misubaguna.com/product/rubber-expansion-joint/,/product/rubber-expansion-joint/,Product,product.rubber_expansion_joint,ProductController@show,public.products.show,PRESERVE_SAME_URL,200,,https://misubaguna.com/product/rubber-expansion-joint/,"index,follow",yes,critical,,Create Product model/CMS record with slug matching old path. Route must return SSR product page. Preserve trailing slash canonical.
https://misubaguna.com/product/ptfe-expansion-joint/,/product/ptfe-expansion-joint/,https://misubaguna.com/product/ptfe-expansion-joint/,/product/ptfe-expansion-joint/,Product,product.ptfe_expansion_joint,ProductController@show,public.products.show,PRESERVE_SAME_URL,200,,https://misubaguna.com/product/ptfe-expansion-joint/,"index,follow",yes,critical,,Create Product model/CMS record with slug matching old path. Route must return SSR product page. Preserve trailing slash canonical.
https://misubaguna.com/product/ptfe-lined-rubber-metal-expansion-joint/,/product/ptfe-lined-rubber-metal-expansion-joint/,https://misubaguna.com/product/ptfe-lined-rubber-metal-expansion-joint/,/product/ptfe-lined-rubber-metal-expansion-joint/,Product,product.ptfe_lined_rubber_metal_expansion_joint,ProductController@show,public.products.show,PRESERVE_SAME_URL,200,,https://misubaguna.com/product/ptfe-lined-rubber-metal-expansion-joint/,"index,follow",yes,critical,,Create Product model/CMS record with slug matching old path. Route must return SSR product page. Preserve trailing slash canonical.
https://misubaguna.com/product/rubber-hose/,/product/rubber-hose/,https://misubaguna.com/product/rubber-hose/,/product/rubber-hose/,Product,product.rubber_hose,ProductController@show,public.products.show,PRESERVE_SAME_URL,200,,https://misubaguna.com/product/rubber-hose/,"index,follow",yes,critical,,Create Product model/CMS record with slug matching old path. Route must return SSR product page. Preserve trailing slash canonical.
https://misubaguna.com/product/flexible-metal-hose/,/product/flexible-metal-hose/,https://misubaguna.com/product/flexible-metal-hose/,/product/flexible-metal-hose/,Product,product.flexible_metal_hose,ProductController@show,public.products.show,PRESERVE_SAME_URL,200,,https://misubaguna.com/product/flexible-metal-hose/,"index,follow",yes,critical,,Create Product model/CMS record with slug matching old path. Route must return SSR product page. Preserve trailing slash canonical.
https://misubaguna.com/product/ptfe-lining/,/product/ptfe-lining/,https://misubaguna.com/product/ptfe-lining/,/product/ptfe-lining/,Product,product.ptfe_lining,ProductController@show,public.products.show,PRESERVE_SAME_URL,200,,https://misubaguna.com/product/ptfe-lining/,"index,follow",yes,critical,,Create Product model/CMS record with slug matching old path. Route must return SSR product page. Preserve trailing slash canonical.
https://misubaguna.com/product/rubber-lining/,/product/rubber-lining/,https://misubaguna.com/product/rubber-lining/,/product/rubber-lining/,Product,product.rubber_lining,ProductController@show,public.products.show,PRESERVE_SAME_URL,200,,https://misubaguna.com/product/rubber-lining/,"index,follow",yes,critical,,Create Product model/CMS record with slug matching old path. Route must return SSR product page. Preserve trailing slash canonical.
https://misubaguna.com/product/ceramic-lining/,/product/ceramic-lining/,https://misubaguna.com/product/ceramic-lining/,/product/ceramic-lining/,Product,product.ceramic_lining,ProductController@show,public.products.show,PRESERVE_SAME_URL,200,,https://misubaguna.com/product/ceramic-lining/,"index,follow",yes,critical,,Create Product model/CMS record with slug matching old path. Route must return SSR product page. Preserve trailing slash canonical.
https://misubaguna.com/product/frp-lining/,/product/frp-lining/,https://misubaguna.com/product/frp-lining/,/product/frp-lining/,Product,product.frp_lining,ProductController@show,public.products.show,PRESERVE_SAME_URL,200,,https://misubaguna.com/product/frp-lining/,"index,follow",yes,critical,,Create Product model/CMS record with slug matching old path. Route must return SSR product page. Preserve trailing slash canonical.
https://misubaguna.com/product/ceramic-coating/,/product/ceramic-coating/,https://misubaguna.com/product/ceramic-coating/,/product/ceramic-coating/,Product,product.ceramic_coating,ProductController@show,public.products.show,PRESERVE_SAME_URL,200,,https://misubaguna.com/product/ceramic-coating/,"index,follow",yes,critical,,Create Product model/CMS record with slug matching old path. Route must return SSR product page. Preserve trailing slash canonical.
https://misubaguna.com/product/ptfe-coating/,/product/ptfe-coating/,https://misubaguna.com/product/ptfe-coating/,/product/ptfe-coating/,Product,product.ptfe_coating,ProductController@show,public.products.show,PRESERVE_SAME_URL,200,,https://misubaguna.com/product/ptfe-coating/,"index,follow",yes,critical,,Create Product model/CMS record with slug matching old path. Route must return SSR product page. Preserve trailing slash canonical.
https://misubaguna.com/product/gland-packing/,/product/gland-packing/,https://misubaguna.com/product/gland-packing/,/product/gland-packing/,Product,product.gland_packing,ProductController@show,public.products.show,PRESERVE_SAME_URL,200,,https://misubaguna.com/product/gland-packing/,"index,follow",yes,critical,,Create Product model/CMS record with slug matching old path. Route must return SSR product page. Preserve trailing slash canonical.
https://misubaguna.com/product/oil-seal/,/product/oil-seal/,https://misubaguna.com/product/oil-seal/,/product/oil-seal/,Product,product.oil_seal,ProductController@show,public.products.show,PRESERVE_SAME_URL,200,,https://misubaguna.com/product/oil-seal/,"index,follow",yes,critical,,Create Product model/CMS record with slug matching old path. Route must return SSR product page. Preserve trailing slash canonical.
https://misubaguna.com/product/o-ring/,/product/o-ring/,https://misubaguna.com/product/o-ring/,/product/o-ring/,Product,product.o_ring,ProductController@show,public.products.show,PRESERVE_SAME_URL,200,,https://misubaguna.com/product/o-ring/,"index,follow",yes,critical,,Create Product model/CMS record with slug matching old path. Route must return SSR product page. Preserve trailing slash canonical.
https://misubaguna.com/product/gasket-sheet/,/product/gasket-sheet/,https://misubaguna.com/product/gasket-sheet/,/product/gasket-sheet/,Product,product.gasket_sheet,ProductController@show,public.products.show,PRESERVE_SAME_URL,200,,https://misubaguna.com/product/gasket-sheet/,"index,follow",yes,critical,,Create Product model/CMS record with slug matching old path. Route must return SSR product page. Preserve trailing slash canonical.
https://misubaguna.com/product/mechanical-seal/,/product/mechanical-seal/,https://misubaguna.com/product/mechanical-seal/,/product/mechanical-seal/,Product,product.mechanical_seal,ProductController@show,public.products.show,PRESERVE_SAME_URL,200,,https://misubaguna.com/product/mechanical-seal/,"index,follow",yes,critical,,Create Product model/CMS record with slug matching old path. Route must return SSR product page. Preserve trailing slash canonical.
https://misubaguna.com/product/coupling/,/product/coupling/,https://misubaguna.com/product/coupling/,/product/coupling/,Product,product.coupling,ProductController@show,public.products.show,PRESERVE_SAME_URL,200,,https://misubaguna.com/product/coupling/,"index,follow",yes,critical,,Create Product model/CMS record with slug matching old path. Route must return SSR product page. Preserve trailing slash canonical.
https://misubaguna.com/product-category/corrosion-protection/,/product-category/corrosion-protection/,https://misubaguna.com/product-category/corrosion-protection/,/product-category/corrosion-protection/,Product Category Archive,product_category.corrosion_protection,ProductCategoryController@show,public.product-categories.show,PRESERVE_SAME_URL,200,,https://misubaguna.com/product-category/corrosion-protection/,"index,follow",yes,low-medium,Category archive may be thin/duplicated. Keep only if useful for SEO/internal navigation; otherwise noindex or redirect after Search Console check.,Create category archive route if preserving. Add unique intro text to avoid thin archive pages.
https://misubaguna.com/product-category/coating/,/product-category/coating/,https://misubaguna.com/product-category/coating/,/product-category/coating/,Product Category Archive,product_category.coating,ProductCategoryController@show,public.product-categories.show,PRESERVE_SAME_URL,200,,https://misubaguna.com/product-category/coating/,"index,follow",yes,low-medium,Category archive may be thin/duplicated. Keep only if useful for SEO/internal navigation; otherwise noindex or redirect after Search Console check.,Create category archive route if preserving. Add unique intro text to avoid thin archive pages.
https://misubaguna.com/product-category/rubber-hose/,/product-category/rubber-hose/,https://misubaguna.com/product-category/rubber-hose/,/product-category/rubber-hose/,Product Category Archive,product_category.rubber_hose,ProductCategoryController@show,public.product-categories.show,PRESERVE_SAME_URL,200,,https://misubaguna.com/product-category/rubber-hose/,"index,follow",yes,low-medium,Category archive may be thin/duplicated. Keep only if useful for SEO/internal navigation; otherwise noindex or redirect after Search Console check.,Create category archive route if preserving. Add unique intro text to avoid thin archive pages.
https://misubaguna.com/product-category/ptfe-expansion-joint/,/product-category/ptfe-expansion-joint/,https://misubaguna.com/product-category/ptfe-expansion-joint/,/product-category/ptfe-expansion-joint/,Product Category Archive,product_category.ptfe_expansion_joint,ProductCategoryController@show,public.product-categories.show,PRESERVE_SAME_URL,200,,https://misubaguna.com/product-category/ptfe-expansion-joint/,"index,follow",yes,low-medium,Category archive may be thin/duplicated. Keep only if useful for SEO/internal navigation; otherwise noindex or redirect after Search Console check.,Create category archive route if preserving. Add unique intro text to avoid thin archive pages.
https://misubaguna.com/product-category/sealing-system/,/product-category/sealing-system/,https://misubaguna.com/product-category/sealing-system/,/product-category/sealing-system/,Product Category Archive,product_category.sealing_system,ProductCategoryController@show,public.product-categories.show,PRESERVE_SAME_URL,200,,https://misubaguna.com/product-category/sealing-system/,"index,follow",yes,low-medium,Category archive may be thin/duplicated. Keep only if useful for SEO/internal navigation; otherwise noindex or redirect after Search Console check.,Create category archive route if preserving. Add unique intro text to avoid thin archive pages.
https://misubaguna.com/product-category/gasket-sheet/,/product-category/gasket-sheet/,https://misubaguna.com/product-category/gasket-sheet/,/product-category/gasket-sheet/,Product Category Archive,product_category.gasket_sheet,ProductCategoryController@show,public.product-categories.show,PRESERVE_SAME_URL,200,,https://misubaguna.com/product-category/gasket-sheet/,"index,follow",yes,low-medium,Category archive may be thin/duplicated. Keep only if useful for SEO/internal navigation; otherwise noindex or redirect after Search Console check.,Create category archive route if preserving. Add unique intro text to avoid thin archive pages.
https://misubaguna.com/catalog/,/catalog/,https://misubaguna.com/catalog/,/catalog/,Catalog Page,catalog,CatalogController@index,public.catalog,CREATE_OR_REPAIR_200_PAGE,200,,https://misubaguna.com/catalog/,"index,follow",yes_if_catalog_has_content,high,Catalog link exists in navigation; prior browse returned internal error. Should not launch broken.,"Build a proper /catalog/ page with catalogue download/view links, or 301 to the PDF/download page only if no standalone catalog content is wanted."
https://misubaguna.com/wp-content/uploads/2023/11/Misuba-Guna-Indonesia-Company-Profile_Interactive.pdf,/wp-content/uploads/2023/11/Misuba-Guna-Indonesia-Company-Profile_Interactive.pdf,https://misubaguna.com/wp-content/uploads/2023/11/Misuba-Guna-Indonesia-Company-Profile_Interactive.pdf,/wp-content/uploads/2023/11/Misuba-Guna-Indonesia-Company-Profile_Interactive.pdf,PDF Asset,wp_content.uploads.2023.11.Misuba_Guna_Indonesia_Company_Profile_Interactive.pdf,Serve static file or web server asset rule,static.asset,PRESERVE_ASSET_URL_OR_301_TO_NEW_ASSET,200_preferred_or_301_if_moved,avoid_redirect_if_possible,N/A_pdf,"index,follow_or_noindex_based_on_asset_strategy",optional_pdf_sitemap_or_linked_from_catalog,high,Indexed PDF asset. Preserve the old wp-content URL if possible to avoid losing PDF ranking/backlinks.,Copy PDF to same public path in Laravel public/wp-content/uploads/2023/11/ or create 301 from old path to new PDF URL.
